{"cameraMode":{"drawMode":0,"name":"Shaded","section":"Shading Mode"},"sceneLighting":false,"audioPlay":false,"sceneViewState":{"showFog":false,"showMaterialUpdate":true,"showSkybox":false,"showFlares":true,"showImageEffects":true,"showParticleSystems":true},"in2DMode":false,"pivot":{"x":465.04901123046877,"y":4.230218887329102,"z":357.8182373046875},"rotation":{"x":0.5732498168945313,"y":-0.008110142312943936,"z":0.005674432031810284,"w":0.8193220496177673},"size":15.117707252502442,"orthographic":false}