{"cameraMode":{"drawMode":0,"name":"Shaded","section":"Shading Mode"},"sceneLighting":false,"audioPlay":false,"sceneViewState":{"showFog":false,"showMaterialUpdate":true,"showSkybox":false,"showFlares":true,"showImageEffects":true,"showParticleSystems":true},"in2DMode":false,"pivot":{"x":459.67401123046877,"y":0.449405312538147,"z":362.2787780761719},"rotation":{"x":0.26395896077156069,"y":0.5531681776046753,"z":-0.19040188193321229,"w":0.7668744325637817},"size":0.1778549700975418,"orthographic":false}