{"cameraMode":{"drawMode":0,"name":"Shaded","section":"Shading Mode"},"sceneLighting":true,"audioPlay":false,"sceneViewState":{"showFog":false,"showMaterialUpdate":true,"showSkybox":true,"showFlares":true,"showImageEffects":true,"showParticleSystems":true},"in2DMode":false,"pivot":{"x":159.00314331054688,"y":-44.20916748046875,"z":471.25408935546877},"rotation":{"x":0.15359069406986237,"y":-0.3412023186683655,"z":0.05653497949242592,"w":0.9256840348243713},"size":305.5244140625,"orthographic":false}