{"cameraMode":{"drawMode":0,"name":"Shaded","section":"Shading Mode"},"sceneLighting":true,"audioPlay":false,"sceneViewState":{"showFog":false,"showMaterialUpdate":true,"showSkybox":true,"showFlares":true,"showImageEffects":true,"showParticleSystems":true},"in2DMode":false,"pivot":{"x":474.64837646484377,"y":45.516788482666019,"z":329.3106994628906},"rotation":{"x":0.3477841317653656,"y":-0.18856650590896607,"z":0.07162363827228546,"w":0.9156287312507629},"size":1.9608633518218995,"orthographic":false}