{"cameraMode":{"drawMode":0,"name":"Shaded","section":"Shading Mode"},"sceneLighting":true,"audioPlay":false,"sceneViewState":{"showFog":false,"showMaterialUpdate":true,"showSkybox":true,"showFlares":true,"showImageEffects":true,"showParticleSystems":true},"in2DMode":false,"pivot":{"x":467.16619873046877,"y":4.60022497177124,"z":350.1402282714844},"rotation":{"x":0.170967698097229,"y":-0.5748851299285889,"z":0.12433380633592606,"w":0.7904791831970215},"size":0.5660282969474793,"orthographic":false}