{"cameraMode":{"drawMode":0,"name":"Shaded","section":"Shading Mode"},"sceneLighting":true,"audioPlay":false,"sceneViewState":{"showFog":false,"showMaterialUpdate":true,"showSkybox":true,"showFlares":true,"showImageEffects":true,"showParticleSystems":true},"in2DMode":false,"pivot":{"x":1032.4871826171875,"y":6.26611328125,"z":73.15940856933594},"rotation":{"x":0.7059945464134216,"y":-0.008497796952724457,"z":0.008472342044115067,"w":0.7081156373023987},"size":788.0175170898438,"orthographic":false}