{"cameraMode":{"drawMode":0,"name":"Shaded","section":"Shading Mode"},"sceneLighting":false,"audioPlay":false,"sceneViewState":{"showFog":false,"showMaterialUpdate":true,"showSkybox":false,"showFlares":true,"showImageEffects":true,"showParticleSystems":true},"in2DMode":false,"pivot":{"x":463.5748596191406,"y":0.09765326976776123,"z":355.0981140136719},"rotation":{"x":0.05000559985637665,"y":-0.9453087449073792,"z":0.17436015605926515,"w":0.27110737562179568},"size":2.4028244018554689,"orthographic":false}