{"cameraMode":{"drawMode":0,"name":"Shaded","section":"Shading Mode"},"sceneLighting":false,"audioPlay":false,"sceneViewState":{"showFog":false,"showMaterialUpdate":true,"showSkybox":false,"showFlares":true,"showImageEffects":true,"showParticleSystems":true},"in2DMode":false,"pivot":{"x":461.70123291015627,"y":0.6411936283111572,"z":358.6034240722656},"rotation":{"x":0.24359814822673798,"y":0.6739674210548401,"z":-0.25252974033355715,"w":0.65013188123703},"size":2.103919506072998,"orthographic":false}