{"cameraMode":{"drawMode":0,"name":"Shaded","section":"Shading Mode"},"sceneLighting":false,"audioPlay":false,"sceneViewState":{"showFog":false,"showMaterialUpdate":true,"showSkybox":false,"showFlares":true,"showImageEffects":true,"showParticleSystems":true},"in2DMode":false,"pivot":{"x":0.09721789509057999,"y":0.2750226855278015,"z":-0.025016725063323976},"rotation":{"x":0.006946968846023083,"y":-0.9894824624061585,"z":0.1353025585412979,"w":0.05080120265483856},"size":0.39065736532211306,"orthographic":false}