{"cameraMode":{"drawMode":0,"name":"Shaded","section":"Shading Mode"},"sceneLighting":false,"audioPlay":false,"sceneViewState":{"showFog":false,"showMaterialUpdate":true,"showSkybox":false,"showFlares":true,"showImageEffects":true,"showParticleSystems":true},"in2DMode":false,"pivot":{"x":458.9674377441406,"y":0.9998952746391296,"z":362.3923645019531},"rotation":{"x":0.1307821124792099,"y":0.7194443941116333,"z":-0.1409749984741211,"w":0.6674134731292725},"size":0.1778549700975418,"orthographic":false}