{"cameraMode":{"drawMode":0,"name":"Shaded","section":"Shading Mode"},"sceneLighting":false,"audioPlay":false,"sceneViewState":{"showFog":false,"showMaterialUpdate":true,"showSkybox":false,"showFlares":true,"showImageEffects":true,"showParticleSystems":true},"in2DMode":false,"pivot":{"x":-0.055158019065856937,"y":0.24045869708061219,"z":0.0},"rotation":{"x":0.0018781522521749139,"y":-0.9793486595153809,"z":0.20199072360992433,"w":0.009104407392442227},"size":0.39065736532211306,"orthographic":false}