{"cameraMode":{"drawMode":0,"name":"Shaded","section":"Shading Mode"},"sceneLighting":true,"audioPlay":false,"sceneViewState":{"showFog":false,"showMaterialUpdate":true,"showSkybox":true,"showFlares":true,"showImageEffects":true,"showParticleSystems":true},"in2DMode":false,"pivot":{"x":1677.5340576171875,"y":4.8100409507751469,"z":624.0728149414063},"rotation":{"x":0.28264957666397097,"y":-0.3252387046813965,"z":0.10253509134054184,"w":0.896557629108429},"size":7.5,"orthographic":false}