{"cameraMode":{"drawMode":0,"name":"Shaded","section":"Shading Mode"},"sceneLighting":false,"audioPlay":false,"sceneViewState":{"showFog":false,"showMaterialUpdate":true,"showSkybox":false,"showFlares":true,"showImageEffects":true,"showParticleSystems":true},"in2DMode":false,"pivot":{"x":0.1022174134850502,"y":0.45976632833480837,"z":-0.27589958906173708},"rotation":{"x":0.011034977622330189,"y":-0.9875470399856567,"z":0.08105917274951935,"w":0.1344326138496399},"size":0.659689724445343,"orthographic":false}