{"cameraMode":{"drawMode":0,"name":"Shaded","section":"Shading Mode"},"sceneLighting":true,"audioPlay":false,"sceneViewState":{"showFog":false,"showMaterialUpdate":true,"showSkybox":true,"showFlares":true,"showImageEffects":true,"showParticleSystems":true},"in2DMode":false,"pivot":{"x":203.49403381347657,"y":8.46453857421875,"z":198.43914794921876},"rotation":{"x":0.24631768465042115,"y":-0.44361698627471926,"z":0.12823568284511567,"w":0.8521081209182739},"size":15.027665138244629,"orthographic":false}