{"cameraMode":{"drawMode":0,"name":"Shaded","section":"Shading Mode"},"sceneLighting":false,"audioPlay":false,"sceneViewState":{"showFog":false,"showMaterialUpdate":true,"showSkybox":false,"showFlares":true,"showImageEffects":true,"showParticleSystems":true},"in2DMode":false,"pivot":{"x":454.87225341796877,"y":2.6283106803894045,"z":361.493408203125},"rotation":{"x":0.14960047602653504,"y":0.6657953262329102,"z":-0.1387786716222763,"w":0.7177016139030457},"size":1.6778550148010255,"orthographic":false}