{"cameraMode":{"drawMode":0,"name":"Shaded","section":"Shading Mode"},"sceneLighting":true,"audioPlay":false,"sceneViewState":{"showFog":false,"showMaterialUpdate":true,"showSkybox":true,"showFlares":true,"showImageEffects":true,"showParticleSystems":true},"in2DMode":false,"pivot":{"x":1719.5755615234375,"y":38.0663948059082,"z":285.86651611328127},"rotation":{"x":-0.15674330294132234,"y":-0.09318333119153977,"z":-0.014856133610010147,"w":0.9831298589706421},"size":7.5,"orthographic":false}