{"cameraMode":{"drawMode":0,"name":"Shaded","section":"Shading Mode"},"sceneLighting":false,"audioPlay":false,"sceneViewState":{"showFog":false,"showMaterialUpdate":true,"showSkybox":false,"showFlares":true,"showImageEffects":true,"showParticleSystems":true},"in2DMode":false,"pivot":{"x":-0.053901612758636478,"y":0.10161519050598145,"z":-0.19482266902923585},"rotation":{"x":-0.06775224953889847,"y":-0.9320260286331177,"z":0.240864560008049,"w":-0.2621689438819885},"size":0.6293538808822632,"orthographic":false}