{"cameraMode":{"drawMode":0,"name":"Shaded","section":"Shading Mode"},"sceneLighting":true,"audioPlay":false,"sceneViewState":{"showFog":false,"showMaterialUpdate":true,"showSkybox":true,"showFlares":true,"showImageEffects":true,"showParticleSystems":true},"in2DMode":false,"pivot":{"x":140.62001037597657,"y":32.87693405151367,"z":306.4561767578125},"rotation":{"x":0.02930210903286934,"y":0.5022247433662415,"z":-0.017029793933033944,"w":0.864079475402832},"size":15.078442573547364,"orthographic":false}