{"cameraMode":{"drawMode":0,"name":"Shaded","section":"Shading Mode"},"sceneLighting":true,"audioPlay":false,"sceneViewState":{"showFog":false,"showMaterialUpdate":true,"showSkybox":true,"showFlares":true,"showImageEffects":true,"showParticleSystems":true},"in2DMode":false,"pivot":{"x":464.972900390625,"y":1.9778141975402833,"z":351.5672302246094},"rotation":{"x":-0.4199243187904358,"y":0.41511932015419009,"z":-0.2249005138874054,"w":-0.7751049995422363},"size":0.90739506483078,"orthographic":false}