{"cameraMode":{"drawMode":0,"name":"Shaded","section":"Shading Mode"},"sceneLighting":false,"audioPlay":false,"sceneViewState":{"showFog":false,"showMaterialUpdate":true,"showSkybox":false,"showFlares":true,"showImageEffects":true,"showParticleSystems":true},"in2DMode":false,"pivot":{"x":0.13265709578990937,"y":0.6253491640090942,"z":-0.056828975677490237},"rotation":{"x":-0.0022805118933320047,"y":-0.993704617023468,"z":0.11015075445175171,"w":-0.020576447248458864},"size":0.659689724445343,"orthographic":false}